github,1046102779
github,aabmass
github,aaron-ai
github,aaronontheweb
github,aateeqi
github,abe545
github,abelperezok
github,abhee11
github,abhide
github,aboguszewski-sumo
github,acm19
github,adilhusain-s
github,adriankostrubiak-tomtom
github,ahayworth
github,aishyandapalli
github,alanwest
github,albertteoh
github,alexvanboxel
github,allex1
github,alolita
github,alvinhom
github,amber0612
github,amoscatelli
github,andrewhr
github,andrewzenkov
github,andyfleming
github,andykellr
github,aneurysm9
github,antonblock
github,anupamdalmia10
github,anuraaga
github,anuragagarwal561994
github,aptomaketil
github,arhell
github,arielvalentin
github,arminru
github,armstrmi
github,arun-shopify
github,aschugunov
github,ash2k
github,ashu658
github,astencel-sumo
github,astitcher
github,atingchen
github,atoulme
github,austinlparker
github,avadhut123pisal
github,avillela
github,axw
github,ayandapalli
github,basti1302
github,beeme1mr
github,ben-natan
github,bennettsmith
github,bertysentry
github,bgranetzke
github,bhautikpip
github,bhs
github,billmeyer
github,binaryfissiongames
github,binjip978
github,bjandras
github,blacksmoke16
github,blumamir
github,bobstrecansky
github,bogdandrutu
github,boostchicken
github,bputt-e
github,bradfrosty
github,bradtopol
github,breedx-splk
github,brettmc
github,bronzedeer
github,brunobat
github,brushknight
github,bryan-aguilar
github,bryannaegele
github,bryce-b
github,bushwhackr
github,carlosalberto
github,carlosjgp
github,cartermp
github,cartersocha
github,cbandy
github,cedricziel
github,chalin
github,chenjazz
github,chenzhihao
github,chrisholmes
github,chrisrichardsevergreen
github,cijothomas
github,codeblanch
github,codeboten
github,coderpoet
github,cpheps
github,crobert-1
github,crobertson-conga
github,cuichenli
github,cyrille-leclerc
github,damemi
github,dashpole
github,davidgargti20
github,davidji99
github,davidmirza408
github,dchambers
github,debajitdas
github,deejgregor
github,deexitp-splunk
github,dehaansa
github,delanym
github,denisivan0v
github,deosu
github,derekkraan
github,diceride
github,dineshg13
github,dino-ma
github,diptochakrabarty
github,disq
github,djaglowski
github,djc
github,dloucasfx
github,dmathieu
github,dmitryax
github,dpauls
github,dszmigielski
github,duncan-tree-zhou
github,dvic
github,dwelch-spike
github,dyladan
github,eddieeldridge
github,eddynaka
github,edenfed
github,eedorenko
github,ejsmith
github,emaderer
github,enkelian
github,erichsueh3
github,ericmustin
github,esigo
github,evan-bradley
github,evantorrie
github,fatsheep9146
github,fbogsany
github,felixscheinost
github,ferd
github,flarna
github,frapschen
github,frefreak
github,frzifus
github,fscellos
github,fstab
github,galbash
github,garypwhite
github,gbbr
github,gcatanese
github,gfonseca-tc
github,gillg
github,gnm444
github,gouthamve
github,grahamlea
github,gregoryfranklin
github,grunet
github,gyliu513
github,habmic
github,haddasbronfman
github,halofour
github,hananiel
github,hanjm
github,hanyuancheung
github,hardproblems
github,hcoona
github,hdost
github,hecomp
github,hectorhdzg
github,hickeyma
github,hosamaly
github,howardyoo
github,hprajapati-splunk
github,hsmatulisgoogle
github,hughsimpson
github,hyunuk
github,iblancasa
github,indrekj
github,inikem
github,iomari
github,irizzant
github,itaygibel-helios
github,jack-berg
github,jackyshang12321
github,jamesjhpark
github,jamesmoessis
github,jamiedanielson
github,jaredtan95
github,jaronoff97
github,jcchavezs
github,jeanbisutti
github,jefchien
github,jeremydvoss
github,jessberg
github,jkamon
github,jkowall
github,jkwatson
github,jmacd
github,jmwilliams89
github,joaopgrassi
github,johnnyshields
github,jonahaapala
github,jonatan-ivanov
github,jonathan-s
github,jonathanwamsley
github,josephwoodward
github,jpeach
github,jpkrohling
github,jsalinaspolo
github,jscherer92
github,jsirianni
github,jspaleta
github,jsuereth
github,jsumners
github,jtescher
github,julianocosta89
github,junhaoyu-aws
github,jvilhuber
github,jvoravong
github,jwilm
github,kart
github,keep94
github,keisku
github,kenfinnigan
github,kentquirk
github,kevinearls
github,khyatigandhi6
github,kielek
github,kirrg001
github,kishannsangani
github,kittylyst
github,konig-corey
github,kovrus
github,kpratyus
github,kristinapathak
github,kserrania
github,ktmitton
github,kubawach
github,kumoroku
github,kw7oe
github,lachmatt
github,ladd
github,lalex
github,lalitb
github,laurit
github,laziobird
github,legendecas
github,leonsp-ai
github,lgfa29
github,liqiangz
github,lizthegrey
github,lmolkova
github,locmai
github,lonewolf3739
github,longility
github,longwuyuan
github,lquerel
github,luismiramirez
github,lzchen
github,m1o1
github,madvikinggod
github,malpi
github,manang-splunk
github,mapno
github,marcalff
github,mario-hofstaetter
github,martinkuba
github,mateuszrzeszutek
github,mat-rumian
github,mcmho
github,meastp
github,melbgirl
github,mentos1386
github,mhassan1
github,mic-max
github,mikegoldsmith
github,miry
github,mmanciop
github,mohitmahi
github,moh-osman3
github,morigs
github,mottibec
github,moviestoreguy
github,mplachter
github,mralias
github,mrod1598
github,msnev
github,mstumpfx
github,mtwo
github,mustafain117
github,mviitane
github,mwear
github,mx-psi
github,my-git9
github,nachobonafonte
github,naseemkullah
github,nathanielrn
github,navehmevorach
github,neelayu
github,nemoshlag
github,ness001
github,nevay
github,newly12
github,nhinsch
github,noahfalk
github,nordfjord
github,notcool11
github,nozik
github,nrcventura
github,nslaughter
github,nvolker
github,obecny
github,oberon00
github,ocelotl
github,oded-dd
github,oertl
github,ofek
github,ofek1weiss
github,ofirshmuel
github,omamoo
github,opentelemetrybot
github,oppegard
github,orloffv
github,osherv
github,overmeulen
github,owais
github,owent
github,oxeye-nikolay
github,patil-kshitij
github,paurushgarg
github,pavankrish123
github,pavolloffay
github,pcolazurdo
github,pcwiese
github,pdelewski
github,pellared
github,peterf778
github,petrie
github,phillipuniverse
github,pichlermarc
github,pirgeo
github,pjanotti
github,plantfansam
github,pmalek-sumo
github,pmcollins
github,pmm-sumo
github,povilasv
github,ppatierno
github,pragmaticivan
github,puckpuck
github,punya
github,pureklkl
github,pyohannes
github,radcortez
github,rahuldimri
github,rajkumar-rangaraj
github,ralphgj
github,rangelreale
github,rapphil
github,rassk
github,rauno56
github,rcjsuen
github,reese-lee
github,remram44
github,reugn
github,rex-remind101
github,reyang
github,ringerc
github,rjduffner
github,rkukura
github,rmfitzpatrick
github,robbkidd
github,robertlaurin
github,rockb1017
github,rogercoll
github,ronyis
github,rquedas
github,rubenruizdegauna
github,rubenvp8510
github,rypdal
github,saikrishna397
github,samimusallam
github,samudraneel24
github,sanketmehta28
github,schanjr
github,scheler
github,schmikei
github,secustor
github,seemk
github,sergeykanzhelev
github,sethamazon
github,sgracias1
github,shahargl
github,shalevr
github,sharrmander
github,sherlouk
github,shree007
github,siddhikhapare
github,silverlyra
github,sincejune
github,singku
github,sirzooro
github,sjs994
github,smashedtoatoms
github,sohampachpande
github,somalianivan
github,spencerdcarlson
github,spencerwilson
github,splunkericl
github,sprakhar97
github,srikanthccv
github,srprash
github,stefankurek
github,sumo-drosiek
github,sunface
github,sungwonh
github,svetlanabrennan
github,svrakitin
github,svrnm
github,sweetxiaodai
github,swetharavichandrancisco
github,swiatekm-sumo
github,symbianx
github,t2t2
github,tarekgh
github,tbble
github,tedsuo
github,tenaria
github,theanshul756
github,theletterf
github,thepeterstone
github,thiyagu55
github,thomsontan
github,tidal
github,tigrannajaryan
github,tillig
github,timothymothra
github,tjiuming
github,tobiasstadler
github,tomkerkhove
github,tommycpp
github,tonglil
github,trasc
github,trask
github,trivikr
github,tsloughter
github,tttoad
github,tuhao1020
github,twenzel
github,tydhot
github,tylerhelmuth
github,ugzuzg
github,umarkhan17
github,utpilla
github,vasireddy99
github,vibhavp
github,vincentfree
github,vineethreddy02
github,vishweshbankwar
github,vjsamuel
github,vmarchaud
github,vmihailenco
github,vreynolds
github,wajika
github,wallezhang
github,wangzlei
github,wdullaer
github,weyert
github,wgliang
github,willarmiros
github,wph95
github,xavierjohn
github,xiang17
github,xiangtianyu
github,xiaoweikin
github,xoscar
github,xp-1000
github,xsam
github,xyq175com
github,yadumathur
github,yamakaky
github,yangtaoran
github,yanivd
github,ydrozhdzhal
github,ymotongpoo
github,yoheyk
github,yonch
github,yotamloe
github,yuktea
github,yun-ting
github,yuriolisa
github,yurishkuro
github,yzeng25
github,zacharycmontoya
github,zackman0010
github,zeitlinger
github,zenmoto
github,zhouzhongzhi
github,zhychestercheung