1046102779,28
aabmass,1097
aaron-ai,25
aaronontheweb,42
aateeqi,28
abe545,26
abelperezok,20
abhee11,83
abhide,81
aboguszewski-sumo,54
acm19,31
adilhusain-s,37
adriankostrubiak-tomtom,33
ahayworth,425
aishyandapalli,28
alanwest,1418
albertteoh,132
alexvanboxel,41
allex1,162
alolita,192
alvinhom,22
amber0612,48
amoscatelli,44
andrewhr,50
andrewzenkov,24
andyfleming,38
andykellr,152
aneurysm9,2540
antonblock,60
anupamdalmia10,23
anuraaga,4868
anuragagarwal561994,64
aptomaketil,23
arhell,28
arielvalentin,693
arminru,1094
armstrmi,71
arun-shopify,52
aschugunov,22
ash2k,32
ashu658,182
astencel-sumo,58
astitcher,21
atingchen,69
atoulme,459
austinlparker,937
avadhut123pisal,48
avillela,63
axw,44
ayandapalli,66
basti1302,28
beeme1mr,54
ben-natan,23
bennettsmith,26
bertysentry,373
bgranetzke,20
bhautikpip,155
bhs,98
billmeyer,46
binaryfissiongames,342
binjip978,29
bjandras,38
blacksmoke16,63
blumamir,1297
bobstrecansky,640
bogdandrutu,10042
boostchicken,195
bputt-e,30
bradfrosty,36
bradtopol,45
breedx-splk,412
brettmc,1067
bronzedeer,24
brunobat,133
brushknight,23
bryan-aguilar,76
bryannaegele,317
bryce-b,54
bushwhackr,22
carlosalberto,704
carlosjgp,22
cartermp,1142
cartersocha,864
cbandy,24
cedricziel,27
chalin,2537
chenjazz,29
chenzhihao,149
chrisholmes,87
chrisrichardsevergreen,41
cijothomas,5365
codeblanch,1198
codeboten,5630
coderpoet,50
cpheps,268
crobert-1,124
crobertson-conga,53
cuichenli,129
cyrille-leclerc,184
damemi,90
dashpole,1756
davidgargti20,53
davidji99,66
davidmirza408,85
dchambers,30
debajitdas,394
deejgregor,24
deexitp-splunk,100
dehaansa,197
delanym,36
denisivan0v,99
deosu,86
derekkraan,32
diceride,31
dineshg13,164
dino-ma,56
diptochakrabarty,66
disq,32
djaglowski,4898
djc,170
dloucasfx,29
dmathieu,466
dmitryax,5464
dpauls,48
dszmigielski,62
duncan-tree-zhou,22
dvic,68
dwelch-spike,44
dyladan,3926
eddieeldridge,44
eddynaka,21
edenfed,20
eedorenko,53
ejsmith,40
emaderer,20
enkelian,67
erichsueh3,124
ericmustin,378
esigo,871
evan-bradley,180
evantorrie,75
fatsheep9146,469
fbogsany,777
felixscheinost,23
ferd,205
flarna,990
frapschen,314
frefreak,40
frzifus,204
fscellos,43
fstab,43
galbash,31
garypwhite,53
gbbr,242
gcatanese,24
gfonseca-tc,27
gillg,31
gnm444,28
gouthamve,146
grahamlea,20
gregoryfranklin,23
grunet,257
gyliu513,22
habmic,30
haddasbronfman,73
halofour,55
hananiel,42
hanjm,126
hanyuancheung,323
hardproblems,53
hcoona,22
hdost,117
hecomp,21
hectorhdzg,38
hickeyma,212
hosamaly,28
howardyoo,20
hprajapati-splunk,114
hsmatulisgoogle,37
hughsimpson,56
hyunuk,99
iblancasa,40
indrekj,94
inikem,933
iomari,28
irizzant,44
itaygibel-helios,31
jack-berg,2874
jackyshang12321,35
jamesjhpark,43
jamesmoessis,524
jamiedanielson,39
jaredtan95,207
jaronoff97,174
jcchavezs,71
jeanbisutti,124
jefchien,102
jeremydvoss,43
jessberg,21
jkamon,55
jkowall,30
jkwatson,1465
jmacd,2011
jmwilliams89,25
joaopgrassi,683
johnnyshields,62
jonahaapala,24
jonatan-ivanov,44
jonathan-s,22
jonathanwamsley,366
josephwoodward,35
jpeach,80
jpkrohling,5988
jsalinaspolo,36
jscherer92,50
jsirianni,170
jspaleta,35
jsuereth,909
jsumners,25
jtescher,411
julianocosta89,248
junhaoyu-aws,62
jvilhuber,71
jvoravong,58
jwilm,26
kart,28
keep94,186
keisku,20
kenfinnigan,91
kentquirk,85
kevinearls,113
khyatigandhi6,23
kielek,1313
kirrg001,26
kishannsangani,93
kittylyst,72
konig-corey,46
kovrus,122
kpratyus,162
kristinapathak,89
kserrania,89
ktmitton,81
kubawach,336
kumoroku,25
kw7oe,40
lachmatt,45
ladd,27
lalex,27
lalitb,2141
laurit,1885
laziobird,72
legendecas,1843
leonsp-ai,28
lgfa29,32
liqiangz,23
lizthegrey,86
lmolkova,429
locmai,66
lonewolf3739,504
longility,22
longwuyuan,20
lquerel,34
luismiramirez,33
lzchen,1769
m1o1,20
madvikinggod,849
malpi,28
manang-splunk,81
mapno,91
marcalff,204
mario-hofstaetter,38
martinkuba,137
mateuszrzeszutek,3112
mat-rumian,61
mcmho,79
meastp,26
melbgirl,23
mentos1386,39
mhassan1,27
mic-max,757
mikegoldsmith,82
miry,24
mmanciop,105
mohitmahi,24
moh-osman3,35
morigs,43
mottibec,54
moviestoreguy,1026
mplachter,22
mralias,5095
mrod1598,407
msnev,253
mstumpfx,77
mtwo,164
mustafain117,49
mviitane,84
mwear,164
mx-psi,2470
my-git9,108
nachobonafonte,195
naseemkullah,75
nathanielrn,373
navehmevorach,23
neelayu,117
nemoshlag,32
ness001,21
nevay,277
newly12,131
nhinsch,49
noahfalk,95
nordfjord,25
notcool11,22
nozik,169
nrcventura,779
nslaughter,25
nvolker,42
obecny,124
oberon00,911
ocelotl,2552
oded-dd,28
oertl,100
ofek,119
ofek1weiss,55
ofirshmuel,92
omamoo,23
opentelemetrybot,23
oppegard,106
orloffv,31
osherv,165
overmeulen,30
owais,787
owent,660
oxeye-nikolay,146
patil-kshitij,44
paurushgarg,67
pavankrish123,262
pavolloffay,1797
pcolazurdo,23
pcwiese,22
pdelewski,34
pellared,2504
peterf778,104
petrie,66
phillipuniverse,74
pichlermarc,637
pirgeo,250
pjanotti,993
plantfansam,407
pmalek-sumo,71
pmcollins,129
pmm-sumo,1075
povilasv,36
ppatierno,129
pragmaticivan,20
puckpuck,225
punya,113
pureklkl,26
pyohannes,290
radcortez,56
rahuldimri,58
rajkumar-rangaraj,617
ralphgj,49
rangelreale,20
rapphil,38
rassk,363
rauno56,770
rcjsuen,29
reese-lee,23
remram44,21
reugn,23
rex-remind101,34
reyang,4160
ringerc,54
rjduffner,34
rkukura,25
rmfitzpatrick,525
robbkidd,54
robertlaurin,819
rockb1017,47
rogercoll,55
ronyis,46
rquedas,114
rubenruizdegauna,46
rubenvp8510,34
rypdal,191
saikrishna397,39
samimusallam,27
samudraneel24,33
sanketmehta28,341
schanjr,31
scheler,309
schmikei,245
secustor,178
seemk,268
sergeykanzhelev,400
sethamazon,83
sgracias1,30
shahargl,21
shalevr,30
sharrmander,24
sherlouk,27
shree007,101
siddhikhapare,24
silverlyra,29
sincejune,38
singku,50
sirzooro,29
sjs994,190
smashedtoatoms,20
sohampachpande,39
somalianivan,35
spencerdcarlson,23
spencerwilson,39
splunkericl,54
sprakhar97,25
srikanthccv,2094
srprash,41
stefankurek,135
sumo-drosiek,165
sunface,40
sungwonh,25
svetlanabrennan,231
svrakitin,82
svrnm,911
sweetxiaodai,22
swetharavichandrancisco,37
swiatekm-sumo,94
symbianx,20
t2t2,24
tarekgh,33
tbble,31
tedsuo,113
tenaria,42
theanshul756,95
theletterf,228
thepeterstone,37
thiyagu55,76
thomsontan,830
tidal,970
tigrannajaryan,4742
tillig,144
timothymothra,383
tjiuming,124
tobiasstadler,45
tomkerkhove,124
tommycpp,597
tonglil,20
trasc,23
trask,7094
trivikr,41
tsloughter,1311
tttoad,60
tuhao1020,21
twenzel,81
tydhot,24
tylerhelmuth,2962
ugzuzg,60
umarkhan17,20
utpilla,1781
vasireddy99,131
vibhavp,42
vincentfree,38
vineethreddy02,364
vishweshbankwar,366
vjsamuel,45
vmarchaud,1131
vmihailenco,20
vreynolds,27
wajika,26
wallezhang,55
wangzlei,124
wdullaer,29
weyert,105
wgliang,25
willarmiros,147
wph95,119
xavierjohn,31
xiang17,272
xiangtianyu,33
xiaoweikin,37
xoscar,146
xp-1000,44
xsam,204
xyq175com,46
yadumathur,31
yamakaky,30
yangtaoran,50
yanivd,110
ydrozhdzhal,213
ymotongpoo,115
yoheyk,21
yonch,43
yotamloe,21
yuktea,110
yun-ting,501
yuriolisa,354
yurishkuro,627
yzeng25,95
zacharycmontoya,210
zackman0010,24
zeitlinger,33
zenmoto,58
zhouzhongzhi,30
zhychestercheung,31